priority,company_name,company_type,website,public_contact_channel,region,source_urls,fit_reason,nis2_or_isms_signal,msp_or_kmu_signal,aethelgard_angle,trust_barrier,risk_level,recommended_message_variant,status,notes
1,NETWORK ASSISTANCE,MSP / IT-Systemhaus,https://www.networkassistance.de/,website contact page,Berlin,"https://www.networkassistance.de/;https://www.networkassistance.de/managed-services/","Berlin IT partner with managed services, cloud and security-relevant service language; likely close to SME operations.","Cyber risk assessment and modern security wording are visible on public pages.","Managed services and IT operations signal recurring SME document needs.","Offer a lightweight evidence-triage demo for policy, access, incident and supplier documents before their own client workshops.",medium,low,MSP / IT-Systemhaus,top_5,"Best first-batch fit; owner must verify current contact page before sending."
2,030-IT,MSP / IT-Systemhaus,https://030-it.de/,website contact page,Berlin,"https://030-it.de/msp-berlin-managed-it-services-fuer-unternehmen;https://030-it.de/kanzlei-praxis-it","Berlin MSP positioning with managed IT services and office/practice IT focus; close to SMEs that may face NIS2 supplier questions.","Security and managed IT are present, but explicit NIS2/ISMS language is not the main public signal.","Strong SME/MSP fit through managed IT for companies and professional-services clients.","Position Aethelgard as a local pre-check for messy customer document packs before MSP handover or security review.",medium,low,MSP / IT-Systemhaus,top_5,"Good low-risk first outreach; no personal contact data recorded."
3,procado,MSP / IT-Systemhaus,https://www.procado.de/,website contact page,Berlin/Brandenburg,"https://www.procado.de/;https://www.procado.de/it-loesungen/","IT solutions provider with managed IT, security, cloud and backup topics; likely practical SME access.","Security, backup and IT operations language can map to NIS2 evidence categories.","IT service-provider model suggests recurring customer documentation and handover needs.","Pitch a synthetic-data demo for structuring policies, risk, backup/BCM and supplier/access evidence.",medium,low,MSP / IT-Systemhaus,top_5,"Strong partner angle; owner should confirm Berlin/Brandenburg delivery footprint."
4,Cyberport IT-Services Berlin,MSP / IT-Systemhaus,https://www.cyberport-it-services-berlin.de/,website contact page,Berlin,"https://www.cyberport-it-services-berlin.de/","Berlin IT services site with IT consulting, service and business customer support; broad access to operational IT buyers.","No strong NIS2/ISMS wording found in this pass, but IT service and security-adjacent needs are plausible.","Business IT services imply SME reach and recurring service relationship.","Use a careful MSP angle: Aethelgard helps pre-sort customer security documents, not replace their consulting.",medium,medium,MSP / IT-Systemhaus,top_5,"Good first-batch candidate if owner accepts lower compliance signal."
5,microCAT Berlin,MSP / IT-Systemhaus,https://microcat.de/,website contact page,Berlin,"https://microcat.de/unternehmen/standorte/berlin/;https://digitalagentur.berlin/angebote/it-sicherheit/nis-2-richtlinie/","Berlin location plus broader IT service and security-provider visibility; could reach midmarket customers.","Digitalagentur Berlin lists microCAT in NIS2/security context; company site confirms Berlin location.","Larger IT service provider with business customers and managed service potential.","Angle should be partner-enablement: quick evidence triage for first-pass NIS2/ISMS document packs.",high,medium,MSP / IT-Systemhaus,top_5,"Useful but likely higher trust barrier than smaller MSPs."
6,M&H IT-Security,Security-/Compliance-Beratung,https://mh-it-security.de/,website contact page,Berlin/Brandenburg,"https://mh-it-security.de/;https://mh-it-security.de/standorte/;https://digitalagentur.berlin/angebote/it-sicherheit/nis-2-richtlinie/","Security consultancy with Berlin/Brandenburg presence and NIS2 context via public listing.","Strong IT security signal; likely knows audits, assessments and documentation.","Less MSP-like than top three, but can be a specialist pilot partner.","Pitch as analyst workflow helper for evidence pre-triage before human review.",high,medium,Security-/Compliance-Beratung,viable_later,"Good specialist, but direct-service overlap increases competition risk."
7,aptaro,MSP / IT-Systemhaus,https://www.aptaro.de/,website contact page,Berlin,"https://www.aptaro.de/;https://www.aptaro.de/it-service","Berlin IT service provider with IT service, cloud, support and security-adjacent offerings.","Security is present as an IT service signal, but explicit NIS2/ISMS evidence signal is weaker.","Operational IT support suggests SME access and document handover friction.","Offer a small demo around policy/access/backup evidence sorting for customers preparing security reviews.",medium,low,MSP / IT-Systemhaus,viable_later,"Good fallback if top-three MSPs do not respond."
8,CASKAN IT-Security,Security-/Compliance-Beratung,https://caskan.it/,website contact page,Berlin,"https://caskan.it/en/en-start/;https://caskan.it/impressum/","Berlin security firm focused on IT security, audits and technical protection topics.","Security-audit signal is strong; explicit document-triage fit needs owner validation.","Likely less MSP/SME-channel oriented than first batch.","Pitch narrowly as local triage around policies and assessment evidence, with human review retained.",high,medium,Security-/Compliance-Beratung,viable_later,"Potentially relevant but likely more technical/security-audit focused."
9,NKMG Berlin,Security-/Compliance-Beratung,https://www.nkmg-berlin.de/,website contact page,Berlin,"https://www.nkmg-berlin.de/leistungen/;https://www.nkmg-berlin.de/kontakt/;https://digitalagentur.berlin/angebote/it-sicherheit/nis-2-richtlinie/","Consulting/security-adjacent public presence and Berlin context; could be useful for partner conversations.","Digitalagentur Berlin NIS2 context is the strongest signal found in this pass.","MSP/KMU access unclear from public pages.","Use only after manual validation; pitch as structured evidence-precheck support for advisory work.",high,medium,Security-/Compliance-Beratung,viable_later,"Owner should manually verify current service fit before outreach."
10,CCVOSSEL,Security-/Compliance-Beratung,https://ccvossel.de/,website contact page,Berlin,"https://ccvossel.de/;https://ccvossel.de/leistungen/organisatorische-sicherheit/","Berlin IT and security provider with explicit organizational security and information-security topics.","Strong ISMS/security process signal.","Could have business customer access, but also direct overlap with security consulting.","If contacted, emphasize complementing existing advisory workflows with local pre-triage.",high,high,Security-/Compliance-Beratung,later,"High quality candidate but competition/trust barrier suggests later contact."
11,HK2 Comtection,Datenschutz-/ISMS-Beratung,https://www.hk2.eu/,website contact page,Berlin,"https://www.hk2.eu/en;https://www.comtection.de/partner-2/;https://www.itsbb.net/mitglieder/hk2-comtection-gmbh2/","Legal/data-protection and security/compliance context through HK2 and Comtection public pages.","Security and compliance signal exists, especially through partner/security context.","MSP/SME channel is less clear; likely advisory/legal-first.","Pitch only as a narrow tool for evidence organization, explicitly not legal advice.",high,medium,Datenschutz-/ISMS-Beratung,later,"Later target; careful claim boundaries are important."
12,Cybervize,Security-/Compliance-Beratung,https://www.cybervize.de/,website contact page,Berlin,"https://www.cybervize.de/en;https://www.cybervize.de/en/services/cybervize-platform;https://digitalagentur.berlin/angebote/it-sicherheit/nis-2-richtlinie/","Berlin cyber-security provider with a platform and NIS2 context in public sources.","Very strong security/NIS2 signal.","Likely has SME access, but product/platform overlap creates high competition risk.","Use later only if framed as local evidence-triage niche or potential ecosystem conversation.",high,high,Security-/Compliance-Beratung,later,"Not first batch because platform overlap may make Aethelgard look competitive."
13,HiSolutions,Security-/Compliance-Beratung,https://www.hisolutions.com/,website contact page,Berlin,"https://www.hisolutions.com/compliance-regulatorik;https://www.hisolutions.com/iso-27001","Established Berlin consultancy with compliance, regulatory, ISO 27001 and information-security services.","Very strong ISMS, ISO 27001 and regulatory signal.","Less suited for a tiny first pilot because of scale and established advisory workflows.","Approach much later as a specialist validation conversation, not a first sales target.",high,high,Security-/Compliance-Beratung,later,"High signal, but too large/direct for first owner-led outreach."
14,Systemhaus Berlin,MSP / IT-Systemhaus,https://www.systemhaus-berlin.de/,website contact page,Berlin,"https://www.systemhaus-berlin.de/en/index_en.html","Berlin system house with IT service positioning; basic fit to SME operational IT.","Weak explicit NIS2/ISMS signal in this pass.","MSP-like fit exists, but security/compliance hook is weaker than higher-ranked MSPs.","If used, lead with document triage for general IT/security policy organization.",medium,medium,MSP / IT-Systemhaus,later,"Keep as reserve unless owner finds stronger security pages."
15,Piltz Legal,Datenschutz-/ISMS-Beratung,https://www.piltz.legal/,website contact page,Berlin,"https://www.piltz.legal/en;https://digitalagentur.berlin/angebote/it-sicherheit/nis-2-richtlinie/","Legal/privacy advisory signal and NIS2 public context, but first-contact fit is legal-heavy.","Strong NIS2/legal signal, not an operational MSP signal.","Low MSP/KMU implementation channel for this tool.","Do not use in first batch; if ever contacted, lead with no-legal-advice boundary and synthetic demo only.",high,high,Datenschutz-/ISMS-Beratung,later,"Legal-advisory trust barrier is high; avoid first wave."
