source_id,title,publisher,public_url,retrieved_at,document_version,sha256,file_type,source_class,license_status,redistribution_allowed,local_storage_allowed,local_path,used_excerpt_or_pages,inclusion_reason,review_status,known_limitations
lab-backup-report,Generated backup execution record,AethelGard local validation lab,,not_applicable_generated,lab-v1,6aef89a8b77b0d1355a9b63f6f5f9a81ffd15afeb63f6506806a6323f4a7c15c,txt,generated_lab_evidence,project_created,yes,yes,generated-lab-evidence/backup_report.txt,Complete generated text record,Positive backup and governance evidence with explicit ownership and cadence.,provisional_internal_reference,Project-created lab record; not production proof or external validation.
lab-restore-test,Generated restore-test record,AethelGard local validation lab,,not_applicable_generated,lab-v1,7d03e2e237585db48512ffc2ee5cb0708b9f0cfbad169e3d68dd0520878bcc74,md,generated_lab_evidence,project_created,yes,yes,generated-lab-evidence/restore_test.md,Complete generated Markdown record,Positive restore-test record with implementation and approval signals.,provisional_internal_reference,Project-created lab record; no independent observation of a restore.
lab-access-review,Generated access-review export,AethelGard local validation lab,,not_applicable_generated,lab-v1,223b166b7e0bdd437c2246c22557b6870d7c01d09543dbfcf3fea77b730af8c0,csv,generated_lab_evidence,project_created,yes,yes,generated-lab-evidence/access_review.csv,All generated rows,Tabular access-review and MFA evidence in a parser-supported format.,provisional_internal_reference,Rows are generated; table-cell coordinates are not yet exported.
lab-patch-report,Generated patch-management report,AethelGard local validation lab,,not_applicable_generated,lab-v1,ee41c5c3cede3bced9c7bb2000bcc997f765170b776f89b4e4c4c51b3e27117a,json,generated_lab_evidence,project_created,yes,yes,generated-lab-evidence/patch_report.json,All normalized scalar values,Structured patch-management record with cadence and review fields.,provisional_internal_reference,Generated record; JSON key positions are not treated as source coordinates.
lab-sbom,Generated CycloneDX SBOM,AethelGard local validation lab,,not_applicable_generated,lab-v1,70fc18a2ea7b8c8f5cba3c66df94256335687002f3f6141496eeb41dfd6e63d6,json,generated_lab_evidence,project_created,yes,yes,generated-lab-evidence/sbom.cdx.json,All normalized scalar values,Parser-supported CycloneDX SBOM with deterministic project metadata.,provisional_internal_reference,Empty component list; validates SBOM presence rather than component completeness.
lab-audit-trail,Generated audit-trail summary,AethelGard local validation lab,,not_applicable_generated,lab-v1,b9f06ace8463a9837391ed0e22d99d3f8af3ad0f21e430dd73beb9d26c29c135,txt,generated_lab_evidence,project_created,yes,yes,generated-lab-evidence/audit_trail.txt,Complete generated text record,Positive logging and monitoring record with ownership and review cadence.,provisional_internal_reference,Generated summary; not a production log and contains no event payloads.
lab-supplier-review,Generated ambiguous supplier review,AethelGard local validation lab,,not_applicable_generated,lab-v1,32b83cb41a80835ce6165f27b18a1e76c9ec2291b6371d26659744bb61f69347,md,generated_lab_evidence,project_created,yes,yes,generated-lab-evidence/supplier_review.md,Complete generated Markdown record,Deliberately conflicting supplier-security evidence for ambiguity handling.,provisional_internal_reference,Generated ambiguity case; not an actual supplier assessment.
lab-incident-plan,Generated partial incident plan,AethelGard local validation lab,,not_applicable_generated,lab-v1,ec2b2981044618d7a996210f3a2fb1cbe02f4248908b7b48b1b7ff5d939abba8,md,generated_lab_evidence,project_created,yes,yes,generated-lab-evidence/incident_plan.md,Complete generated Markdown record,Partial incident-response statement with only one concrete signal.,provisional_internal_reference,Generated policy fragment; no exercise or response record.
lab-risk-register,Generated stale risk register,AethelGard local validation lab,,not_applicable_generated,lab-v1,88e85f4130606cab2a096a0d55d90d31fc40acf59889af897276e8a1004a3c72,csv,generated_lab_evidence,project_created,yes,yes,generated-lab-evidence/risk_register.csv,All generated rows,Deliberately stale risk evidence for conservative ambiguity handling.,provisional_internal_reference,Generated stale case; no current risk assessment is represented.
lab-encryption-statement,Generated insufficient encryption statement,AethelGard local validation lab,,not_applicable_generated,lab-v1,10171e62378d4eb6c72c7af416c91f112cf106eb732fdb4066fbe44fc7dc067e,txt,generated_lab_evidence,project_created,yes,yes,generated-lab-evidence/encryption_statement.txt,Complete generated text record,Explicit no-evidence statement to verify fail-closed insufficiency.,provisional_internal_reference,Generated negative case; it proves only that no candidate should be emitted.
